Date,Time,PU_Address,DO_Address,Routing Details,PU_Address,Status
07/01/2014,07:15 AM,"Brooklyn Museum, 200 Eastern Pkwy., BK NY;","1 Brookdale Plaza, BK NY; ","PU: Brooklyn Museum, 200 Eastern Pkwy., BK NY; DO: 1 Brookdale Plaza, BK NY; ","Brooklyn Museum, 200 Eastern Pkwy., BK NY; DO: 1 Brookdale Plaza, BK NY; ",Cancelled
07/01/2014,07:30 AM,"33 Robert Dr., Short Hills NJ;","John F Kennedy International Airport, vitona Airlines; ","PU: 33 Robert Dr., Short Hills NJ; DO: John F Kennedy International Airport, vitona Airlines; ","33 Robert Dr., Short Hills NJ; DO: John F Kennedy International Airport, vitona Airlines; ",Arrived
07/01/2014,08:00 AM,"60 Glenmore Ave., BK NY;","2171 Nostrand Ave., BK NY; ","PU: 60 Glenmore Ave., BK NY; DO: 2171 Nostrand Ave., BK NY; ","60 Glenmore Ave., BK NY; DO: 2171 Nostrand Ave., BK NY; ",Assigned
07/01/2014,09:00 AM,"128 East 31 St., BK NY;","369 93rd St., BK NY; ","PU: 128 East 31 St., BK NY; DO: 369 93rd St., BK NY; ","128 East 31 St., BK NY; DO: 369 93rd St., BK NY; ",Assigned
07/01/2014,09:30 AM,"139-39 35 Ave., Flushing NY;",La Guardia Airport; ,"PU: 139-39 35 Ave., Flushing NY; DO: La Guardia Airport; ","139-39 35 Ave., Flushing NY; DO: La Guardia Airport; ",Assigned
07/01/2014,12:00 PM,"545 17 St., BK NY;",La Guardia Airport; ,"PU: 545 17 St., BK NY; DO: La Guardia Airport; ","545 17 St., BK NY; DO: La Guardia Airport; ",Arrived
07/01/2014,12:30 PM,"127 Guernsey St., BK NY;","121 Dekalb Ave., BK NY; ","PU: 127 Guernsey St., BK NY; DO: 121 Dekalb Ave., BK NY; ","127 Guernsey St., BK NY; DO: 121 Dekalb Ave., BK NY; ",Assigned
07/01/2014,01:00 PM,"657 St Marks Ave., BK NY;","240 South 3rd St., BK NY; ","PU: 657 St Marks Ave., BK NY; DO: 240 South 3rd St., BK NY; ","657 St Marks Ave., BK NY; DO: 240 South 3rd St., BK NY; ",Assigned
07/01/2014,02:30 PM,"1611 47th St., BK NY;","1048 49th St., BK NY; ","PU: 1611 47th St., BK NY; DO: 1048 49th St., BK NY; ","1611 47th St., BK NY; DO: 1048 49th St., BK NY; ",Arrived
07/01/2014,02:45 PM,"364 87th Street, BK NY;",John F Kennedy International Airport; ,"PU: 364 87th Street, BK NY; DO: John F Kennedy International Airport; ","364 87th Street, BK NY; DO: John F Kennedy International Airport; ",Assigned
07/01/2014,08:00 PM,"35-36 32 St., Astoria NY;","1342 St. Johns Pl., BK NY; ","PU: 35-36 32 St., Astoria NY; DO: 1342 St. Johns Pl., BK NY; ","35-36 32 St., Astoria NY; DO: 1342 St. Johns Pl., BK NY; ",Assigned
07/02/2014,03:30 AM,"862 East 21 Street, BK NY;",La Guardia Airport; ,"PU: 862 East 21 Street, BK NY; DO: La Guardia Airport; ","862 East 21 Street, BK NY; DO: La Guardia Airport; ",Arrived
07/02/2014,02:00 PM,"1539 71st Street, BK NY;","54 Watts Street, NY NY; ","PU: 1539 71st Street, BK NY; DO: 54 Watts Street, NY NY; ","1539 71st Street, BK NY; DO: 54 Watts Street, NY NY; ",Assigned
07/02/2014,03:00 PM,"208 Elmwood ave, BK NY;",John F Kennedy International Airport; ,"PU: 208 Elmwood ave, BK NY; DO: John F Kennedy International Airport; ","208 Elmwood ave, BK NY; DO: John F Kennedy International Airport; ",Arrived
07/02/2014,08:45 PM,"543 1 St., BK NY;",John F Kennedy International Airport; ,"PU: 543 1 St., BK NY; DO: John F Kennedy International Airport; ","543 1 St., BK NY; DO: John F Kennedy International Airport; ",Arrived
07/03/2014,05:00 AM,513 Montgomery StreetBK NY;,John F Kennedy International Airport; ,PU: 513 Montgomery StreetBK NY; DO: John F Kennedy International Airport; ,513 Montgomery StreetBK NY; DO: John F Kennedy International Airport; ,Arrived
07/03/2014,05:45 AM,"475 St Marks Ave., BK NY;","John F Kennedy International Airport, American Airlines; ","PU: 475 St Marks Ave., BK NY; DO: John F Kennedy International Airport, American Airlines; ","475 St Marks Ave., BK NY; DO: John F Kennedy International Airport, American Airlines; ",Assigned
07/03/2014,06:55 AM,"1094 Carroll Street, BK NY;","Newark Liberty International Airport, United Airlines; ","PU: 1094 Carroll Street, BK NY; DO: Newark Liberty International Airport, United Airlines; ","1094 Carroll Street, BK NY; DO: Newark Liberty International Airport, United Airlines; ",Arrived
07/03/2014,07:45 AM,"31 E. 2 St., BK NY;","3718 Henry Hudson Pkwy, BX NY; ","PU: 31 E. 2 St., BK NY; DO: 3718 Henry Hudson Pkwy, BX NY; ","31 E. 2 St., BK NY; DO: 3718 Henry Hudson Pkwy, BX NY; ",Assigned
07/03/2014,08:00 AM,"220 Prospect Park W., BK NY;",La Guardia Airport; ,"PU: 220 Prospect Park W., BK NY; DO: La Guardia Airport; ","220 Prospect Park W., BK NY; DO: La Guardia Airport; ",Assigned
07/03/2014,08:30 AM,"303 Vernon Ave., BK NY;","856 Dekalb Ave., BK NY; ","PU: 303 Vernon Ave., BK NY; DO: 856 Dekalb Ave., BK NY; ","303 Vernon Ave., BK NY; DO: 856 Dekalb Ave., BK NY; ",Cancelled
07/03/2014,09:30 AM,"275 Bay 37 St., BK NY;","1309 Avenue P, BK NY; ","PU: 275 Bay 37 St., BK NY; DO: 1309 Avenue P, BK NY; ","275 Bay 37 St., BK NY; DO: 1309 Avenue P, BK NY; ",Arrived
07/03/2014,09:30 AM,"590 Dekalb Ave., BK NY;","856 Dekalb AvE., BK NY; ","PU: 590 Dekalb Ave., BK NY; DO: 856 Dekalb AvE., BK NY; ","590 Dekalb Ave., BK NY; DO: 856 Dekalb AvE., BK NY; ",Arrived
07/03/2014,09:30 AM,"350 Sterling Street, BK NY;",Newark Liberty International Airport; ,"PU: 350 Sterling Street, BK NY; DO: Newark Liberty International Airport; ","350 Sterling Street, BK NY; DO: Newark Liberty International Airport; ",Arrived
07/03/2014,12:00 PM,"243 Kingston Ave., BK NY;","481 St Marks Ave., BK NY; ","PU: 243 Kingston Ave., BK NY; DO: 481 St Marks Ave., BK NY; ","243 Kingston Ave., BK NY; DO: 481 St Marks Ave., BK NY; ",Assigned
07/03/2014,01:30 PM,"1611 47th St., BK NY;","924 49th St., BK NY; ","PU: 1611 47th St., BK NY; DO: 924 49th St., BK NY; ","1611 47th St., BK NY; DO: 924 49th St., BK NY; ",Assigned
07/03/2014,04:15 PM,"99 Saint James Place, BK NY;",La Guardia Airport; ,"PU: 99 Saint James Place, BK NY; DO: La Guardia Airport; ","99 Saint James Place, BK NY; DO: La Guardia Airport; ",Assigned
07/04/2014,04:45 AM,"459 18 St., BK NY;",John F Kennedy International Airport; ,"PU: 459 18 St., BK NY; DO: John F Kennedy International Airport; ","459 18 St., BK NY; DO: John F Kennedy International Airport; ",Arrived
07/04/2014,06:00 AM,"878 71 St., BK NY;","108 Jay St., BK NY; ","PU: 878 71 St., BK NY; DO: 108 Jay St., BK NY; ","878 71 St., BK NY; DO: 108 Jay St., BK NY; ",Arrived
07/04/2014,06:00 AM,"180 Prospect Place, BK NY;",Penn StationNY NY; ,"PU: 180 Prospect Place, BK NY; DO: Penn StationNY NY; ","180 Prospect Place, BK NY; DO: Penn StationNY NY; ",Assigned
07/04/2014,06:45 AM,"615 Hendrix St., BK NY;",La Guardia Airport; ,"PU: 615 Hendrix St., BK NY; DO: La Guardia Airport; ","615 Hendrix St., BK NY; DO: La Guardia Airport; ",Arrived
07/04/2014,07:30 AM,"John F Kennedy International Airport, JetBlue Airways;","St., BK NY; ","PU: John F Kennedy International Airport, JetBlue Airways; DO: St., BK NY; ","John F Kennedy International Airport, JetBlue Airways; DO: St., BK NY; ",Arrived
07/04/2014,08:45 AM,"91 Bleeker St., Newark NJ;",John F Kennedy International Airport; ,"PU: 91 Bleeker St., Newark NJ; DO: John F Kennedy International Airport; ","91 Bleeker St., Newark NJ; DO: John F Kennedy International Airport; ",Arrived
07/04/2014,12:00 PM,"101 Bedford Ave., BK NY;",John F Kennedy International Airport; ,"PU: 101 Bedford Ave., BK NY; DO: John F Kennedy International Airport; ","101 Bedford Ave., BK NY; DO: John F Kennedy International Airport; ",Arrived
07/04/2014,01:15 PM,"92 Prospect Park W., BK NY;",La Guardia Airport; ,"PU: 92 Prospect Park W., BK NY; DO: La Guardia Airport; ","92 Prospect Park W., BK NY; DO: La Guardia Airport; ",Arrived
07/05/2014,04:30 AM,"540 11th Street, BK NY;",La Guardia Airport; ,"PU: 540 11th Street, BK NY; DO: La Guardia Airport; ","540 11th Street, BK NY; DO: La Guardia Airport; ",Arrived
07/05/2014,05:00 AM,"283 23 St., BK NY;","La Guardia Airport, JetBlue Airways; ","PU: 283 23 St., BK NY; DO: La Guardia Airport, JetBlue Airways; ","283 23 St., BK NY; DO: La Guardia Airport, JetBlue Airways; ",Arrived
07/05/2014,04:00 PM,"Windsor pl., BK NY; ",,"PU: 135 Windsor pl., BK NY; ","135 Windsor pl., BK NY; ",Assigned
07/06/2014,03:15 AM,"853 Empire Blvd., BK NY;","Newark Liberty International Airport, United Airlines; ","PU: 853 Empire Blvd., BK NY; DO: Newark Liberty International Airport, United Airlines; ","853 Empire Blvd., BK NY; DO: Newark Liberty International Airport, United Airlines; ",Arrived
07/06/2014,04:00 AM,"544 Marcy Avenue, BK NY;","La Guardia Airport, US Airways; ","PU: 544 Marcy Avenue, BK NY; DO: La Guardia Airport, US Airways; ","544 Marcy Avenue, BK NY; DO: La Guardia Airport, US Airways; ",Assigned
07/06/2014,05:30 AM,"500 Prospect Ave., BK NY;",Newark Liberty International Airport; ,"PU: 500 Prospect Ave., BK NY; DO: Newark Liberty International Airport; ","500 Prospect Ave., BK NY; DO: Newark Liberty International Airport; ",Arrived
07/06/2014,08:15 AM,"1136 Jackson Ave., BX NY;","25 Vanderbilt Ave., BK NY; ","PU: 1136 Jackson Ave., BX NY; DO: 25 Vanderbilt Ave., BK NY; ","1136 Jackson Ave., BX NY; DO: 25 Vanderbilt Ave., BK NY; ",Assigned
07/06/2014,08:30 AM,"53-05 Queens Blvd., Forest Hills NY;",La Guardia Airport; ,"PU: 53-05 Queens Blvd., Forest Hills NY; DO: La Guardia Airport; ","53-05 Queens Blvd., Forest Hills NY; DO: La Guardia Airport; ",Assigned
07/06/2014,01:00 PM,"Best Western Inn, 522 W38 St., NY NY;","HOFSTRA University, 1000 Fulton Avenue, Hempstead NY; ","PU: Best Western Inn, 522 W38 St., NY NY; DO: HOFSTRA University, 1000 Fulton Avenue, Hempstead NY; ","Best Western Inn, 522 W38 St., NY NY; DO: HOFSTRA University, 1000 Fulton Avenue, Hempstead NY; ",Assigned
07/06/2014,05:00 PM,"1319 Elm Ave, BK NY;","John F Kennedy International Airport, Delta Air Lines; ","PU: 1319 Elm Ave, BK NY; DO: John F Kennedy International Airport, Delta Air Lines; ","1319 Elm Ave, BK NY; DO: John F Kennedy International Airport, Delta Air Lines; ",Arrived
07/07/2014,12:15 AM,"5721 8 Ave., BK NY;","Dr., Staten Island NY; ","PU: 5721 8 Ave., BK NY; DO: Dr., Staten Island NY; ","5721 8 Ave., BK NY; DO: Dr., Staten Island NY; ",Assigned
07/07/2014,09:00 AM,"341 Kingsborough 3 walk, BK NY;","783  Classon Ave., BK NY; ","PU: 341 Kingsborough 3 walk, BK NY; DO: 783  Classon Ave., BK NY; ","341 Kingsborough 3 walk, BK NY; DO: 783  Classon Ave., BK NY; ",Cancelled
07/07/2014,09:00 AM,"1459 E 84 St., BK NY;","2146 Beverly  Rd., BK NY; ","PU: 1459 E 84 St., BK NY; DO: 2146 Beverly  Rd., BK NY; ","1459 E 84 St., BK NY; DO: 2146 Beverly  Rd., BK NY; ",Cancelled
07/07/2014,09:30 AM,"1240 Washington Ave., BX NY;",La Guardia Airport; ,"PU: 1240 Washington Ave., BX NY; DO: La Guardia Airport; ","1240 Washington Ave., BX NY; DO: La Guardia Airport; ",Assigned
07/07/2014,10:00 AM,"607 20 St., BK NY;",John F Kennedy International Airport; ,"PU: 607 20 St., BK NY; DO: John F Kennedy International Airport; ","607 20 St., BK NY; DO: John F Kennedy International Airport; ",Arrived
07/07/2014,01:00 PM,"657 St Marks Ave., BK NY;","387 Eastern Pkwy., BK NY; ","PU: 657 St Marks Ave., BK NY; DO: 387 Eastern Pkwy., BK NY; ","657 St Marks Ave., BK NY; DO: 387 Eastern Pkwy., BK NY; ",Arrived
07/07/2014,01:30 PM,"109 Lewis Ave., BK NY;","451 Clarkson Ave., BK NY; ","PU: 109 Lewis Ave., BK NY; DO: 451 Clarkson Ave., BK NY; ","109 Lewis Ave., BK NY; DO: 451 Clarkson Ave., BK NY; ",Arrived
07/07/2014,03:50 PM,"809 Friel Place, BK NY;",La Guardia Airport; ,"PU: 809 Friel Place, BK NY; DO: La Guardia Airport; ","809 Friel Place, BK NY; DO: La Guardia Airport; ",Arrived
07/07/2014,04:00 PM,"15 Central Park West, NY NY;","200 West Street, NY NY; ","PU: 15 Central Park West, NY NY; DO: 200 West Street, NY NY; ","15 Central Park West, NY NY; DO: 200 West Street, NY NY; ",Cancelled
07/09/2014,06:30 AM,"916 7 Ave., BK NY;",John F Kennedy International Airport; ,"PU: 916 7 Ave., BK NY; DO: John F Kennedy International Airport; ","916 7 Ave., BK NY; DO: John F Kennedy International Airport; ",Arrived
07/09/2014,09:00 AM,"55 Goodwin Pl., BK NY;","56 Dekalb Ave., BK NY; ","PU: 55 Goodwin Pl., BK NY; DO: 56 Dekalb Ave., BK NY; ","55 Goodwin Pl., BK NY; DO: 56 Dekalb Ave., BK NY; ",Arrived
07/09/2014,09:00 AM,"365 Powell Ave., BK NY;","541 Clarkson Ave., BK NY; ","PU: 365 Powell Ave., BK NY; DO: 541 Clarkson Ave., BK NY; ","365 Powell Ave., BK NY; DO: 541 Clarkson Ave., BK NY; ",Arrived
07/09/2014,09:30 AM,"1209 Bushwick Ave., BK NY;","374  Stockholm St., BK NY; ","PU: 1209 Bushwick Ave., BK NY; DO: 374  Stockholm St., BK NY; ","1209 Bushwick Ave., BK NY; DO: 374  Stockholm St., BK NY; ",Arrived
07/09/2014,10:00 AM,"690 Gates Ave., BK NY;","374 Stockholm St., BK NY; ","PU: 690 Gates Ave., BK NY; DO: 374 Stockholm St., BK NY; ","690 Gates Ave., BK NY; DO: 374 Stockholm St., BK NY; ",Arrived
07/09/2014,10:00 AM,"130 3rd Ave., BK NY;","121 DeKalb Ave., BK NY; ","PU: 130 3rd Ave., BK NY; DO: 121 DeKalb Ave., BK NY; ","130 3rd Ave., BK NY; DO: 121 DeKalb Ave., BK NY; ",Arrived
07/09/2014,01:00 PM,"1615 8th Avenue, BK NY;","Avenue M & E 18 St., BK NY; ","PU: 1615 8th Avenue, BK NY; DO: Avenue M & E 18 St., BK NY; ","1615 8th Avenue, BK NY; DO: Avenue M & E 18 St., BK NY; ",Arrived
07/11/2014,05:00 AM,"35 McDonald Ave., BK NY;",La Guardia Airport; ,"PU: 35 McDonald Ave., BK NY; DO: La Guardia Airport; ","35 McDonald Ave., BK NY; DO: La Guardia Airport; ",Assigned
07/11/2014,06:00 AM,"2270 Plumb 1st St., BK NY;","John F Kennedy International Airport, Delta Air Lines; ","PU: 2270 Plumb 1st St., BK NY; DO: John F Kennedy International Airport, Delta Air Lines; ","2270 Plumb 1st St., BK NY; DO: John F Kennedy International Airport, Delta Air Lines; ",Arrived
07/11/2014,06:25 AM,"1324 E 5th St,, BK NY;",La Guardia Airport; ,"PU: 1324 E 5th St,, BK NY; DO: La Guardia Airport; ","1324 E 5th St,, BK NY; DO: La Guardia Airport; ",Arrived
07/11/2014,07:00 AM,"7902 23rd ave, Brooklyn, NY 11214, BK NY;",John F Kennedy International Airport; ,"PU: 7902 23rd ave, Brooklyn, NY 11214, BK NY; DO: John F Kennedy International Airport; ","7902 23rd ave, Brooklyn, NY 11214, BK NY; DO: John F Kennedy International Airport; ",Arrived
07/11/2014,12:30 PM,44 Court StreetBK NY;,La Guardia Airport; ,PU: 44 Court StreetBK NY; DO: La Guardia Airport; ,44 Court StreetBK NY; DO: La Guardia Airport; ,Arrived
07/11/2014,11:20 PM,"La Guardia Airport, American Airlines;","Canarsie, 10561 Flatlands 6th St., BK NY; ","PU: La Guardia Airport, American Airlines; DO: Canarsie, 10561 Flatlands 6th St., BK NY; ","La Guardia Airport, American Airlines; DO: Canarsie, 10561 Flatlands 6th St., BK NY; ",Assigned
07/11/2014,11:30 PM,"863 50th Street, BK NY;",John F Kennedy International Airport; ,"PU: 863 50th Street, BK NY; DO: John F Kennedy International Airport; ","863 50th Street, BK NY; DO: John F Kennedy International Airport; ",Arrived
07/12/2014,01:00 PM,"53 Broadway, BK NY;",Grand Central Station ; ,"PU: 53 Broadway, BK NY; DO: Grand Central Station ; ","53 Broadway, BK NY; DO: Grand Central Station ; ",Cancelled
07/13/2014,05:00 PM,"Wyndham Garden Hotel, 550 Route 1/9 South, Newark NJ;","1257 38 St., BK NY; ","PU: Wyndham Garden Hotel, 550 Route 1/9 South, Newark NJ; DO: 1257 38 St., BK NY; ","Wyndham Garden Hotel, 550 Route 1/9 South, Newark NJ; DO: 1257 38 St., BK NY; ",Cancelled
07/14/2014,07:30 AM,"1123 Albemarle Rd., BK NY;",John F Kennedy International Airport; ,"PU: 1123 Albemarle Rd., BK NY; DO: John F Kennedy International Airport; ","1123 Albemarle Rd., BK NY; DO: John F Kennedy International Airport; ",Cancelled
07/14/2014,08:30 AM,"1618 10 Ave., B NY;",John F Kennedy International Airport; ,"PU: 1618 10 Ave., B NY; DO: John F Kennedy International Airport; ","1618 10 Ave., B NY; DO: John F Kennedy International Airport; ",Arrived
07/14/2014,02:00 PM,"115 Ashland Pl, BK NY;",La Guardia Airport; ,"PU: 115 Ashland Pl, BK NY; DO: La Guardia Airport; ","115 Ashland Pl, BK NY; DO: La Guardia Airport; ",Arrived
07/15/2014,02:00 PM,"437 Prospect Ave, BK NY;",La Guardia Airport; ,"PU: 437 Prospect Ave, BK NY; DO: La Guardia Airport; ","437 Prospect Ave, BK NY; DO: La Guardia Airport; ",Arrived
07/15/2014,04:30 PM,"356 W23 St., NY NY; ST: Newark Liberty International Airport, United Airlines;","Holiday Inn, 150 Delancey St., NY NY; ","PU: 356 W23 St., NY NY; ST: Newark Liberty International Airport, United Airlines; DO: Holiday Inn, 150 Delancey St., NY NY; ","356 W23 St., NY NY; ST: Newark Liberty International Airport, United Airlines; DO: Holiday Inn, 150 Delancey St., NY NY; ",Arrived
07/15/2014,08:00 PM,"717 President Street, BK NY;",John F Kennedy International Airport; ,"PU: 717 President Street, BK NY; DO: John F Kennedy International Airport; ","717 President Street, BK NY; DO: John F Kennedy International Airport; ",Arrived
07/16/2014,08:00 AM,"Wyndham Garden Hotel, 550 Route 1/9 South, Newark NY;","58 White St., NY NY; ","PU: Wyndham Garden Hotel, 550 Route 1/9 South, Newark NY; DO: 58 White St., NY NY; ","Wyndham Garden Hotel, 550 Route 1/9 South, Newark NY; DO: 58 White St., NY NY; ",Arrived
07/16/2014,08:30 AM,"437 Prospect Ave, BK NY;",La Guardia Airport; ,"PU: 437 Prospect Ave, BK NY; DO: La Guardia Airport; ","437 Prospect Ave, BK NY; DO: La Guardia Airport; ",Arrived
07/16/2014,11:00 AM,"326 W 40 St., NY NY;","178 Broadway, BK NY; ","PU: 326 W 40 St., NY NY; DO: 178 Broadway, BK NY; ","326 W 40 St., NY NY; DO: 178 Broadway, BK NY; ",Arrived
07/16/2014,12:45 PM,"431 4th Street, BK NY;","1681 Boardway, NY NY; ","PU: 431 4th Street, BK NY; DO: 1681 Boardway, NY NY; ","431 4th Street, BK NY; DO: 1681 Boardway, NY NY; ",Arrived
07/16/2014,05:30 PM,"402 7th Avenue, BK NY;",La Guardia Airport; ,"PU: 402 7th Avenue, BK NY; DO: La Guardia Airport; ","402 7th Avenue, BK NY; DO: La Guardia Airport; ",Arrived
07/17/2014,03:00 AM,"500 Grand Avenue, apt. 1A, BK NY;",Newark Liberty International Airport; ,"PU: 500 Grand Avenue, apt. 1A, BK NY; DO: Newark Liberty International Airport; ","500 Grand Avenue, apt. 1A, BK NY; DO: Newark Liberty International Airport; ",Arrived
07/17/2014,04:30 AM,"350 Sterling St, BK NY;",John F Kennedy International Airport; ,"PU: 350 Sterling St, BK NY; DO: John F Kennedy International Airport; ","350 Sterling St, BK NY; DO: John F Kennedy International Airport; ",Arrived
07/17/2014,05:00 AM,"22 Douglass St., BK NY;",Newark Liberty International Airport; ,"PU: 22 Douglass St., BK NY; DO: Newark Liberty International Airport; ","22 Douglass St., BK NY; DO: Newark Liberty International Airport; ",Arrived
07/17/2014,03:45 PM,"6201 Fort Hamilton Pkwy, BK NY;","18 Avenue U, BK NY; ","PU: 6201 Fort Hamilton Pkwy, BK NY; DO: 18 Avenue U, BK NY; ","6201 Fort Hamilton Pkwy, BK NY; DO: 18 Avenue U, BK NY; ",Assigned
07/17/2014,09:05 PM,"La Guardia Airport, Southwest Airlines;","663 51st Street, BK NY; ","PU: La Guardia Airport, Southwest Airlines; DO: 663 51st Street, BK NY; ","La Guardia Airport, Southwest Airlines; DO: 663 51st Street, BK NY; ",Arrived
07/18/2014,10:00 AM,"Laundra, 6205 Ft. Hamilton Pkwy, BK NY;",John F Kennedy International Airport; ,"PU: Laundra, 6205 Ft. Hamilton Pkwy, BK NY; DO: John F Kennedy International Airport; ","Laundra, 6205 Ft. Hamilton Pkwy, BK NY; DO: John F Kennedy International Airport; ",Assigned
07/19/2014,06:10 AM,"283 E2 St., BK NY;",La Guardia Airport; ,"PU: 283 E2 St., BK NY; DO: La Guardia Airport; ","283 E2 St., BK NY; DO: La Guardia Airport; ",Arrived
07/19/2014,12:30 PM,"356 W23 St., NY NY;","1 Center St., Newark NJ; ","PU: 356 W23 St., NY NY; DO: 1 Center St., Newark NJ; ","356 W23 St., NY NY; DO: 1 Center St., Newark NJ; ",Assigned
07/19/2014,01:30 PM,"3021 Ft. Hamilton Pkwy., BK NY;",John F Kennedy International Airport; ,"PU: 3021 Ft. Hamilton Pkwy., BK NY; DO: John F Kennedy International Airport; ","3021 Ft. Hamilton Pkwy., BK NY; DO: John F Kennedy International Airport; ",Arrived
07/20/2014,05:30 AM,"123 Parkside Ave., BK NY;",John F Kennedy International Airport; ,"PU: 123 Parkside Ave., BK NY; DO: John F Kennedy International Airport; ","123 Parkside Ave., BK NY; DO: John F Kennedy International Airport; ",Assigned
07/20/2014,06:15 AM,"2515 Glenwood Road, BK NY;",John F Kennedy International Airport; ,"PU: 2515 Glenwood Road, BK NY; DO: John F Kennedy International Airport; ","2515 Glenwood Road, BK NY; DO: John F Kennedy International Airport; ",Arrived
07/20/2014,10:00 AM,"155 Dean St., BK NY;","6565 Flatlands Ave., BK NY; ","PU: 155 Dean St., BK NY; DO: 6565 Flatlands Ave., BK NY; ","155 Dean St., BK NY; DO: 6565 Flatlands Ave., BK NY; ",Assigned
07/20/2014,12:30 PM,"133 E 3 St., BK NY;",John F Kennedy International Airport; ,"PU: 133 E 3 St., BK NY; DO: John F Kennedy International Airport; ","133 E 3 St., BK NY; DO: John F Kennedy International Airport; ",Assigned
07/21/2014,06:00 AM,"266 prospect park west, brooklyn NY;",jfk ; ,"PU: 266 prospect park west, brooklyn NY; DO: jfk ; ","266 prospect park west, brooklyn NY; DO: jfk ; ",Assigned
07/21/2014,08:30 AM,"42 St., BK NY;",JFK Hotel ; ,"PU: 42 St., BK NY; DO: JFK Hotel ; ","42 St., BK NY; DO: JFK Hotel ; ",Cancelled
07/21/2014,12:00 PM,"663 51st Street, BK NY;",La Guardia Airport; ,"PU: 663 51st Street, BK NY; DO: La Guardia Airport; ","663 51st Street, BK NY; DO: La Guardia Airport; ",Arrived
07/21/2014,04:45 PM,"255 Fieldston Terrace, Bronx NY;",La Guardia Airport; ,"PU: 255 Fieldston Terrace, Bronx NY; DO: La Guardia Airport; ","255 Fieldston Terrace, Bronx NY; DO: La Guardia Airport; ",Assigned
07/22/2014,01:30 PM,"Columbia University, 630 W 168 St., NY NY; ST: Woodburry Outlets, 264 Red Apple Court, Central Valley NY;","326 W 40 St., NY NY; ","PU: Columbia University, 630 W 168 St., NY NY; ST: Woodburry Outlets, 264 Red Apple Court, Central Valley NY; DO: 326 W 40 St., NY NY; ","Columbia University, 630 W 168 St., NY NY; ST: Woodburry Outlets, 264 Red Apple Court, Central Valley NY; DO: 326 W 40 St., NY NY; ",Arrived
07/23/2014,08:20 PM,"John F Kennedy International Airport, Cathay Pacific Airways;","101 Ocean Pkwy., BK NY; ","PU: John F Kennedy International Airport, Cathay Pacific Airways; DO: 101 Ocean Pkwy., BK NY; ","John F Kennedy International Airport, Cathay Pacific Airways; DO: 101 Ocean Pkwy., BK NY; ",Assigned
07/24/2014,04:30 AM,"455 Ocean Parkway, BK NY;","La Guardia Airport, South West; ","PU: 455 Ocean Parkway, BK NY; DO: La Guardia Airport, South West; ","455 Ocean Parkway, BK NY; DO: La Guardia Airport, South West; ",Arrived
07/24/2014,06:30 AM,"955 Walten Ave., BX NY;",John F Kennedy International Airport; ,"PU: 955 Walten Ave., BX NY; DO: John F Kennedy International Airport; ","955 Walten Ave., BX NY; DO: John F Kennedy International Airport; ",Cancelled
07/24/2014,08:30 AM,"456 Prospect Ave., BK NY;","W 168 St. & Riverside Dr., NY NY; ","PU: 456 Prospect Ave., BK NY; DO: W 168 St. & Riverside Dr., NY NY; ","456 Prospect Ave., BK NY; DO: W 168 St. & Riverside Dr., NY NY; ",Arrived
07/24/2014,11:00 AM,"Best Western Inn, 522 W 38 St., NY NY;",John F Kennedy International Airport; ,"PU: Best Western Inn, 522 W 38 St., NY NY; DO: John F Kennedy International Airport; ","Best Western Inn, 522 W 38 St., NY NY; DO: John F Kennedy International Airport; ",Arrived
07/24/2014,04:30 PM,"W 116 St. & Riverside Dr., ny NY;","456 Prospect Ave., BK NY; ","PU: W 116 St. & Riverside Dr., ny NY; DO: 456 Prospect Ave., BK NY; ","W 116 St. & Riverside Dr., ny NY; DO: 456 Prospect Ave., BK NY; ",Cancelled
07/25/2014,04:45 AM,"543 18 St., B NY;",Newark Liberty International Airport; ,"PU: 543 18 St., B NY; DO: Newark Liberty International Airport; ","543 18 St., B NY; DO: Newark Liberty International Airport; ",Assigned
07/25/2014,07:00 PM,"35 McDonald Ave., Brooklyn NY;",La Guardia Airport; ,"PU: 35 McDonald Ave., Brooklyn NY; DO: La Guardia Airport; ","35 McDonald Ave., Brooklyn NY; DO: La Guardia Airport; ",Assigned
07/25/2014,11:30 PM,Barclay Center ;,"166-25 Powells Cove Blvd., Whitestone NY; ","PU: Barclay Center ; DO: 166-25 Powells Cove Blvd., Whitestone NY; ","Barclay Center ; DO: 166-25 Powells Cove Blvd., Whitestone NY; ",Assigned
07/26/2014,05:00 AM,"10 Ocean Pkwy., BK NY;",La Guardia Airport; ,"PU: 10 Ocean Pkwy., BK NY; DO: La Guardia Airport; ","10 Ocean Pkwy., BK NY; DO: La Guardia Airport; ",Arrived
07/26/2014,01:30 PM,"155 Dean Street, BK NY;","106 Court Street, BK NY; ","PU: 155 Dean Street, BK NY; DO: 106 Court Street, BK NY; ","155 Dean Street, BK NY; DO: 106 Court Street, BK NY; ",Assigned
07/26/2014,05:15 PM,"133 E 3 St., BK NY;",John F Kennedy International Airport; ,"PU: 133 E 3 St., BK NY; DO: John F Kennedy International Airport; ","133 E 3 St., BK NY; DO: John F Kennedy International Airport; ",Cancelled
07/26/2014,08:30 PM,"852 East 7th Street, BK NY;",John F Kennedy International Airport; ,"PU: 852 East 7th Street, BK NY; DO: John F Kennedy International Airport; ","852 East 7th Street, BK NY; DO: John F Kennedy International Airport; ",Assigned
07/27/2014,09:00 PM,"Stamford Suites Hotel, 720 Bedford Street, Stamford CT;","John F Kennedy International Airport, Cathay Pacific Airways; ","PU: Stamford Suites Hotel, 720 Bedford Street, Stamford CT; DO: John F Kennedy International Airport, Cathay Pacific Airways; ","Stamford Suites Hotel, 720 Bedford Street, Stamford CT; DO: John F Kennedy International Airport, Cathay Pacific Airways; ",Assigned
07/27/2014,10:20 PM,"La Guardia Airport, JetBlue Airways;","St., Bronx NY; ","PU: La Guardia Airport, JetBlue Airways; DO: St., Bronx NY; ","La Guardia Airport, JetBlue Airways; DO: St., Bronx NY; ",Assigned
07/28/2014,04:40 PM,"John F Kennedy International Airport, American Airlines;","28-66 College Point Blvd, Flushing ; ","PU: John F Kennedy International Airport, American Airlines; DO: 28-66 College Point Blvd, Flushing ; ","John F Kennedy International Airport, American Airlines; DO: 28-66 College Point Blvd, Flushing ; ",Assigned
07/28/2014,06:30 PM,"596 19th Street, brooklyn NY;",John F Kennedy International Airport; ,"PU: 596 19th Street, brooklyn NY; DO: John F Kennedy International Airport; ","596 19th Street, brooklyn NY; DO: John F Kennedy International Airport; ",Assigned
07/29/2014,01:00 AM,La Guardia Airport;,"22 Elizabeth St, Glen Rock NJ; ","PU: La Guardia Airport; DO: 22 Elizabeth St, Glen Rock NJ; ","La Guardia Airport; DO: 22 Elizabeth St, Glen Rock NJ; ",Cancelled
07/29/2014,07:10 AM,"654 55 St., BK NY;",vitona Town ; ,"PU: 654 55 St., BK NY; DO: vitona Town ; ","654 55 St., BK NY; DO: vitona Town ; ",Arrived
07/29/2014,01:00 PM,"30 Montrose Avenue, BK NY;",Newark Liberty International Airport; ,"PU: 30 Montrose Avenue, BK NY; DO: Newark Liberty International Airport; ","30 Montrose Avenue, BK NY; DO: Newark Liberty International Airport; ",Assigned
07/30/2014,06:20 AM,"1814 Hone Ave., BX NY;",La Guardia Airport; ,"PU: 1814 Hone Ave., BX NY; DO: La Guardia Airport; ","1814 Hone Ave., BX NY; DO: La Guardia Airport; ",Assigned
07/31/2014,06:00 AM,"388 19th Street, BK NY;",La Guardia Airport; ,"PU: 388 19th Street, BK NY; DO: La Guardia Airport; ","388 19th Street, BK NY; DO: La Guardia Airport; ",Assigned
07/31/2014,12:45 PM,"728 E 10th Street, BK NY;",John F Kennedy International Airport; ,"PU: 728 E 10th Street, BK NY; DO: John F Kennedy International Airport; ","728 E 10th Street, BK NY; DO: John F Kennedy International Airport; ",Assigned
07/31/2014,05:00 PM,"John F Kennedy International Airport, Delta Air Lines;","6223 Fort Hamilton Parkway, BK NY; ","PU: John F Kennedy International Airport, Delta Air Lines; DO: 6223 Fort Hamilton Parkway, BK NY; ","John F Kennedy International Airport, Delta Air Lines; DO: 6223 Fort Hamilton Parkway, BK NY; ",Assigned
08/01/2014,02:30 PM,"312 Dahill Road, BK NY;",La Guardia Airport; ,"PU: 312 Dahill Road, BK NY; DO: La Guardia Airport; ","312 Dahill Road, BK NY; DO: La Guardia Airport; ",Assigned
08/01/2014,03:30 PM,"90 Sands St., BK NY;",Newark Liberty International Airport; ,"PU: 90 Sands St., BK NY; DO: Newark Liberty International Airport; ","90 Sands St., BK NY; DO: Newark Liberty International Airport; ",Arrived
08/01/2014,06:05 PM,"543 17th St., BK NY;",John F Kennedy International Airport; ,"PU: 543 17th St., BK NY; DO: John F Kennedy International Airport; ","543 17th St., BK NY; DO: John F Kennedy International Airport; ",Assigned
08/02/2014,04:30 AM,"70 Prospect park SW, BK NY;","Newark Liberty International Airport, Southwest Airlines; ","PU: 70 Prospect park SW, BK NY; DO: Newark Liberty International Airport, Southwest Airlines; ","70 Prospect park SW, BK NY; DO: Newark Liberty International Airport, Southwest Airlines; ",Assigned
08/02/2014,05:00 AM,"385 Chauncey Street, BK NY;","W 33 St. & 11 Ave., NY NY; ","PU: 385 Chauncey Street, BK NY; DO: W 33 St. & 11 Ave., NY NY; ","385 Chauncey Street, BK NY; DO: W 33 St. & 11 Ave., NY NY; ",Cancelled
08/02/2014,06:30 AM,"842 Park Place, BK NY;","John F Kennedy International Airport, JetBlue Airways; ","PU: 842 Park Place, BK NY; DO: John F Kennedy International Airport, JetBlue Airways; ","842 Park Place, BK NY; DO: John F Kennedy International Airport, JetBlue Airways; ",Assigned
08/02/2014,08:00 AM,"70 Prospect Park SW, BK NY;","La Guardia Airport, Southwest Airlines;",DO:  PU:  , PU:  ,Assigned
08/02/2014,09:45 AM,"491 18 St., BK NY;",La Guardia Airport; ,"PU: 491 18 St., BK NY; DO: La Guardia Airport; ","491 18 St., BK NY; DO: La Guardia Airport; ",Assigned
08/02/2014,10:30 AM,"551 16 St., BK NY;","39 E 2 St., BK NY; ","PU: 551 16 St., BK NY; DO: 39 E 2 St., BK NY; ","551 16 St., BK NY; DO: 39 E 2 St., BK NY; ",Cancelled
08/02/2014,04:00 PM,"279 Prospect Park West, BK NY;","John F Kennedy International Airport, Delta Air Lines; ","PU: 279 Prospect Park West, BK NY; DO: John F Kennedy International Airport, Delta Air Lines; ","279 Prospect Park West, BK NY; DO: John F Kennedy International Airport, Delta Air Lines; ",Assigned
08/02/2014,06:15 PM,"24-50 27 St., Astoria NY;","2900 Southern Blvd., BX NY; ","PU: 24-50 27 St., Astoria NY; DO: 2900 Southern Blvd., BX NY; ","24-50 27 St., Astoria NY; DO: 2900 Southern Blvd., BX NY; ",Assigned
08/03/2014,05:30 AM,"1163 E 103rd St., Brooklyn NY;",Newark Liberty International Airport; ,"PU: 1163 E 103rd St., Brooklyn NY; DO: Newark Liberty International Airport; ","1163 E 103rd St., Brooklyn NY; DO: Newark Liberty International Airport; ",Assigned
08/03/2014,10:00 AM,"155 Dean St., BK NY;",,PU:  , ,Assigned
08/03/2014,10:30 AM,"439 17 St., BK NY;",John F Kennedy International Airport; ,"PU: 439 17 St., BK NY; DO: John F Kennedy International Airport; ","439 17 St., BK NY; DO: John F Kennedy International Airport; ",Assigned
08/03/2014,10:00 PM,"134-3 Franklin Ave., Flushing NY;",Newark Liberty International Airport; ,"PU: 134-3 Franklin Ave., Flushing NY; DO: Newark Liberty International Airport; ","134-3 Franklin Ave., Flushing NY; DO: Newark Liberty International Airport; ",Assigned
08/04/2014,04:45 AM,"410 19 St., BK NY;",La Guardia Airport; ,"PU: 410 19 St., BK NY; DO: La Guardia Airport; ","410 19 St., BK NY; DO: La Guardia Airport; ",Assigned
08/04/2014,04:00 PM,"445 17 St., BK NY;",La Guardia Airport; ,"PU: 445 17 St., BK NY; DO: La Guardia Airport; ","445 17 St., BK NY; DO: La Guardia Airport; ",Assigned
08/04/2014,08:30 PM,"La Guardia Airport, US Airways;","5th Ave & 57th St., BK NY; ","PU: La Guardia Airport, US Airways; DO: 5th Ave & 57th St., BK NY; ","La Guardia Airport, US Airways; DO: 5th Ave & 57th St., BK NY; ",Assigned
08/05/2014,06:00 AM,"140 Cadman Plaza West, BK NY;",John F Kennedy International Airport; ,"PU: 140 Cadman Plaza West, BK NY; DO: John F Kennedy International Airport; ","140 Cadman Plaza West, BK NY; DO: John F Kennedy International Airport; ",Assigned
08/05/2014,10:00 AM,"889 Union St., BK NY;",La Guardia Airport; ,"PU: 889 Union St., BK NY; DO: La Guardia Airport; ","889 Union St., BK NY; DO: La Guardia Airport; ",Assigned
08/07/2014,12:30 PM,"1711 10 Ave., BK NY;",John F Kennedy International Airport; ,"PU: 1711 10 Ave., BK NY; DO: John F Kennedy International Airport; ","1711 10 Ave., BK NY; DO: John F Kennedy International Airport; ",Assigned
08/08/2014,04:30 AM,"20 Bayard Street, BK NY;",La Guardia Airport; ,"PU: 20 Bayard Street, BK NY; DO: La Guardia Airport; ","20 Bayard Street, BK NY; DO: La Guardia Airport; ",Assigned
08/08/2014,04:45 AM,"1712 8 Ave., BK NY;",John F Kennedy International Airport; ,"PU: 1712 8 Ave., BK NY; DO: John F Kennedy International Airport; ","1712 8 Ave., BK NY; DO: John F Kennedy International Airport; ",Assigned
08/08/2014,06:30 AM,"253 Windsor Pl., BK NY;",John F Kennedy International Airport; ,"PU: 253 Windsor Pl., BK NY; DO: John F Kennedy International Airport; ","253 Windsor Pl., BK NY; DO: John F Kennedy International Airport; ",Arrived
08/08/2014,08:40 AM,"2165 64th St., BK NY; ST: 65 st 16 ave ;","6203 fort hamilton parkway, BK NY; ","PU: 2165 64th St., BK NY; ST: 65 st 16 ave ; DO: 6203 fort hamilton parkway, BK NY; ","2165 64th St., BK NY; ST: 65 st 16 ave ; DO: 6203 fort hamilton parkway, BK NY; ",Arrived
08/08/2014,10:00 AM,"248 19 St., BK NY;",La Guardia Airport; ,"PU: 248 19 St., BK NY; DO: La Guardia Airport; ","248 19 St., BK NY; DO: La Guardia Airport; ",Arrived
08/08/2014,04:30 PM,"185 Prospect Park West, BK NY;",John F Kennedy International Airport; ,"PU: 185 Prospect Park West, BK NY; DO: John F Kennedy International Airport; ","185 Prospect Park West, BK NY; DO: John F Kennedy International Airport; ",Assigned
08/08/2014,06:00 PM,"1026 66th Street, BK NY;","562 Grand Avenue, BK NY; ","PU: 1026 66th Street, BK NY; DO: 562 Grand Avenue, BK NY; ","1026 66th Street, BK NY; DO: 562 Grand Avenue, BK NY; ",Assigned
08/08/2014,09:50 PM,"La Guardia Airport, American Airlines;","Delaney St., NY NY; ","PU: La Guardia Airport, American Airlines; DO: Delaney St., NY NY; ","La Guardia Airport, American Airlines; DO: Delaney St., NY NY; ",Cancelled
08/09/2014,08:40 AM,"2165 64th St., BK NY; ST: 65 st 16 ave ;","6203 fort hamilton parkway, BK NY; ","PU: 2165 64th St., BK NY; ST: 65 st 16 ave ; DO: 6203 fort hamilton parkway, BK NY; ","2165 64th St., BK NY; ST: 65 st 16 ave ; DO: 6203 fort hamilton parkway, BK NY; ",Cancelled
08/10/2014,09:00 AM,"555 18 St., BK NY;",John F Kennedy International Airport; ,"PU: 555 18 St., BK NY; DO: John F Kennedy International Airport; ","555 18 St., BK NY; DO: John F Kennedy International Airport; ",Assigned
08/10/2014,09:30 AM,"East 9th street and Ditmas Avenue, BK NY;",John F Kennedy International Airport; ,"PU: East 9th street and Ditmas Avenue, BK NY; DO: John F Kennedy International Airport; ","East 9th street and Ditmas Avenue, BK NY; DO: John F Kennedy International Airport; ",Cancelled
08/10/2014,05:15 PM,"163 Ocean Ave., BK NY;",John F Kennedy International Airport; ,"PU: 163 Ocean Ave., BK NY; DO: John F Kennedy International Airport; ","163 Ocean Ave., BK NY; DO: John F Kennedy International Airport; ",Assigned
08/11/2014,05:00 AM,"1718 8 Ave., BK NY;",La Guardia Airport; ,"PU: 1718 8 Ave., BK NY; DO: La Guardia Airport; ","1718 8 Ave., BK NY; DO: La Guardia Airport; ",Assigned
08/12/2014,08:40 PM,"John F Kennedy International Airport, Cathay Pacific Airways;","W hotel in Times Square, 1567 Broadway, NYC NY;",DO:  PU:  , PU:  ,Arrived
08/13/2014,04:00 AM,"1226 St Marks Ave, BK NY;","John F Kennedy International Airport, American Airlines; ","PU: 1226 St Marks Ave, BK NY; DO: John F Kennedy International Airport, American Airlines; ","1226 St Marks Ave, BK NY; DO: John F Kennedy International Airport, American Airlines; ",Assigned
08/13/2014,03:00 PM,"1577 E 17th St., BK NY;",La Guardia Airport; ,"PU: 1577 E 17th St., BK NY; DO: La Guardia Airport; ","1577 E 17th St., BK NY; DO: La Guardia Airport; ",Assigned
08/13/2014,09:00 PM,"29-06 Crescent St., Astoria NY;","943 69 St., BK NY; ","PU: 29-06 Crescent St., Astoria NY; DO: 943 69 St., BK NY; ","29-06 Crescent St., Astoria NY; DO: 943 69 St., BK NY; ",Assigned
08/14/2014,02:45 PM,"549 18th Street, BK NY;",John F Kennedy International Airport; ,"PU: 549 18th Street, BK NY; DO: John F Kennedy International Airport; ","549 18th Street, BK NY; DO: John F Kennedy International Airport; ",Assigned
08/14/2014,03:00 PM,"John F Kennedy International Airport, vitona Airlines;","W 34th St (11th Ave & 12th Ave), NY NY; ","PU: John F Kennedy International Airport, vitona Airlines; DO: W 34th St (11th Ave & 12th Ave), NY NY; ","John F Kennedy International Airport, vitona Airlines; DO: W 34th St (11th Ave & 12th Ave), NY NY; ",Assigned
08/14/2014,05:00 PM,"985 79 St., BK NY;","460 Kings Highway, BK NY; ","PU: 985 79 St., BK NY; DO: 460 Kings Highway, BK NY; ","985 79 St., BK NY; DO: 460 Kings Highway, BK NY; ",Assigned
08/14/2014,05:30 PM,"1754 60th Street, BK NY;","La Guardia Airport, Jet Blue; ","PU: 1754 60th Street, BK NY; DO: La Guardia Airport, Jet Blue; ","1754 60th Street, BK NY; DO: La Guardia Airport, Jet Blue; ",Assigned
08/14/2014,06:30 PM,"469 17th Street, BK NY;",John F Kennedy International Airport; ,"PU: 469 17th Street, BK NY; DO: John F Kennedy International Airport; ","469 17th Street, BK NY; DO: John F Kennedy International Airport; ",Arrived
08/15/2014,05:30 PM,"932 62 St., BK NY;",John F Kennedy International Airport; ,"PU: 932 62 St., BK NY; DO: John F Kennedy International Airport; ","932 62 St., BK NY; DO: John F Kennedy International Airport; ",Arrived
08/16/2014,04:00 AM,"150 Ocean Ave., BK NY;",John F Kennedy International Airport; ,"PU: 150 Ocean Ave., BK NY; DO: John F Kennedy International Airport; ","150 Ocean Ave., BK NY; DO: John F Kennedy International Airport; ",Arrived
08/16/2014,05:45 AM,"Newark Liberty International Airport, American Airlines;","445 17 St., BK NY; ","PU: Newark Liberty International Airport, American Airlines; DO: 445 17 St., BK NY; ","Newark Liberty International Airport, American Airlines; DO: 445 17 St., BK NY; ",Arrived
08/16/2014,01:30 PM,"909 59 St., BK NY;",John F Kennedy International Airport; ,"PU: 909 59 St., BK NY; DO: John F Kennedy International Airport; ","909 59 St., BK NY; DO: John F Kennedy International Airport; ",Assigned
08/16/2014,02:00 PM,"128 Remsen St., BK NY;",La Guardia Airport; ,"PU: 128 Remsen St., BK NY; DO: La Guardia Airport; ","128 Remsen St., BK NY; DO: La Guardia Airport; ",Assigned
08/16/2014,02:45 PM,"John F Kennedy International Airport, vitona Airlines;","Homewood Suites by Hilton Harrisburg, 3990 Tecport Dr., Harrisburg PA; ","PU: John F Kennedy International Airport, vitona Airlines; DO: Homewood Suites by Hilton Harrisburg, 3990 Tecport Dr., Harrisburg PA; ","John F Kennedy International Airport, vitona Airlines; DO: Homewood Suites by Hilton Harrisburg, 3990 Tecport Dr., Harrisburg PA; ",Assigned
08/16/2014,06:30 PM,"409 17th Street, BK NY;",John F Kennedy International Airport; ,"PU: 409 17th Street, BK NY; DO: John F Kennedy International Airport; ","409 17th Street, BK NY; DO: John F Kennedy International Airport; ",Cancelled
08/17/2014,05:00 PM,"607 20 St., BK NY;",John F Kennedy International Airport; ,"PU: 607 20 St., BK NY; DO: John F Kennedy International Airport; ","607 20 St., BK NY; DO: John F Kennedy International Airport; ",Arrived
08/19/2014,07:45 PM,"John F Kennedy International Airport, Virgin Atlantic;","150 W 96 St., NY NY; ","PU: John F Kennedy International Airport, Virgin Atlantic; DO: 150 W 96 St., NY NY; ","John F Kennedy International Airport, Virgin Atlantic; DO: 150 W 96 St., NY NY; ",Assigned
08/20/2014,04:30 PM,"Best Western Hotel, 522 W38 St., NY NY;",Jones Beach ; ,"PU: Best Western Hotel, 522 W38 St., NY NY; DO: Jones Beach ; ","Best Western Hotel, 522 W38 St., NY NY; DO: Jones Beach ; ",Assigned
08/21/2014,11:30 AM,"La Guardia Airport, Delta Air Lines;","388 19 St., BK NY;",DO:   ,  ,Assigned
08/21/2014,03:45 PM,"208 Elmwood Ave, BK NY;","John F Kennedy International Airport, Delta Air Lines; ","PU: 208 Elmwood Ave, BK NY; DO: John F Kennedy International Airport, Delta Air Lines; ","208 Elmwood Ave, BK NY; DO: John F Kennedy International Airport, Delta Air Lines; ",Arrived
08/21/2014,04:00 PM,"34 Syosset Cir., Syosset NY;",John F Kennedy International Airport; ,"PU: 34 Syosset Cir., Syosset NY; DO: John F Kennedy International Airport; ","34 Syosset Cir., Syosset NY; DO: John F Kennedy International Airport; ",Cancelled
08/22/2014,03:00 PM,"318 E11 St., NY NY;","La Guardia Airport, American Airlines; ","PU: 318 E11 St., NY NY; DO: La Guardia Airport, American Airlines; ","318 E11 St., NY NY; DO: La Guardia Airport, American Airlines; ",Assigned
08/22/2014,04:00 PM,"23 W82 St., NY NY;","St., Woodside NY; ","PU: 23 W82 St., NY NY; DO: St., Woodside NY; ","23 W82 St., NY NY; DO: St., Woodside NY; ",Assigned
08/22/2014,10:15 PM,John F Kennedy International Airport;,"607 20 St., BK NY; ","PU: John F Kennedy International Airport; DO: 607 20 St., BK NY; ","John F Kennedy International Airport; DO: 607 20 St., BK NY; ",Assigned
08/22/2014,10:40 PM,"John F Kennedy International Airport, EVA Air;","Warwick Hotel, 65 West 54 Street, NY NY; ","PU: John F Kennedy International Airport, EVA Air; DO: Warwick Hotel, 65 West 54 Street, NY NY; ","John F Kennedy International Airport, EVA Air; DO: Warwick Hotel, 65 West 54 Street, NY NY; ",Assigned
08/23/2014,08:30 AM,"49-15 87 St., Elmhurst NY;",La Guardia Airport; ,"PU: 49-15 87 St., Elmhurst NY; DO: La Guardia Airport; ","49-15 87 St., Elmhurst NY; DO: La Guardia Airport; ",Assigned
08/23/2014,08:45 AM,"128 W138 St., NY NY;","133 Broadway, NY NY; ","PU: 128 W138 St., NY NY; DO: 133 Broadway, NY NY; ","128 W138 St., NY NY; DO: 133 Broadway, NY NY; ",Assigned
08/23/2014,01:30 PM,"John F Kennedy International Airport, Delta Air Lines;","279 Prospect Park West, BK NY; ","PU: John F Kennedy International Airport, Delta Air Lines; DO: 279 Prospect Park West, BK NY; ","John F Kennedy International Airport, Delta Air Lines; DO: 279 Prospect Park West, BK NY; ",Cancelled
08/24/2014,03:30 PM,"La Guardia Airport, American Airlines;","327 East 3rd Street, BK NY; ","PU: La Guardia Airport, American Airlines; DO: 327 East 3rd Street, BK NY; ","La Guardia Airport, American Airlines; DO: 327 East 3rd Street, BK NY; ",Assigned
08/24/2014,05:00 PM,"248 Windsor Pl., BK NY;",John F Kennedy International Airport; ,"PU: 248 Windsor Pl., BK NY; DO: John F Kennedy International Airport; ","248 Windsor Pl., BK NY; DO: John F Kennedy International Airport; ",Assigned
08/24/2014,06:00 PM,"439 17 St., BK NY;",La Guardia Airport; ,"PU: 439 17 St., BK NY; DO: La Guardia Airport; ","439 17 St., BK NY; DO: La Guardia Airport; ",Assigned
08/25/2014,06:30 AM,"2278 80th Street, BK NY;","Newark Liberty International Airport, United Airlines; ","PU: 2278 80th Street, BK NY; DO: Newark Liberty International Airport, United Airlines; ","2278 80th Street, BK NY; DO: Newark Liberty International Airport, United Airlines; ",Assigned
08/25/2014,11:30 AM,"2163 68th Street, BK NY;","6203 Fort Hamilton Pkwy, BK NY; ","PU: 2163 68th Street, BK NY; DO: 6203 Fort Hamilton Pkwy, BK NY; ","2163 68th Street, BK NY; DO: 6203 Fort Hamilton Pkwy, BK NY; ",Assigned
08/25/2014,01:25 PM,La Guardia Airport;,"15435 64th Ave, Flushing NY; ","PU: La Guardia Airport; DO: 15435 64th Ave, Flushing NY; ","La Guardia Airport; DO: 15435 64th Ave, Flushing NY; ",Assigned
08/25/2014,04:30 PM,"La Guardia Airport, Southwest Airlines;","571 17th Street, BK NY; ","PU: La Guardia Airport, Southwest Airlines; DO: 571 17th Street, BK NY; ","La Guardia Airport, Southwest Airlines; DO: 571 17th Street, BK NY; ",Cancelled
08/25/2014,06:25 PM,"John F Kennedy International Airport, Japan Airlines;","91 Bleeker St., Newark NJ; ","PU: John F Kennedy International Airport, Japan Airlines; DO: 91 Bleeker St., Newark NJ; ","John F Kennedy International Airport, Japan Airlines; DO: 91 Bleeker St., Newark NJ; ",Assigned
08/25/2014,07:30 PM,"100 Ocean Pkwy., BK NY;","John F Kennedy International Airport, Air France; ","PU: 100 Ocean Pkwy., BK NY; DO: John F Kennedy International Airport, Air France; ","100 Ocean Pkwy., BK NY; DO: John F Kennedy International Airport, Air France; ",Cancelled
08/26/2014,08:40 AM,"Holiday Inn, 51 Nassau St., NY NY;","W 34th St (11th Ave & 12th Ave), NY NY; ","PU: Holiday Inn, 51 Nassau St., NY NY; DO: W 34th St (11th Ave & 12th Ave), NY NY; ","Holiday Inn, 51 Nassau St., NY NY; DO: W 34th St (11th Ave & 12th Ave), NY NY; ",Arrived
08/26/2014,10:00 AM,"Best Western Hotel, 522 W38 St., NY NY;","Arthur Ashe Stadium, Flushing Meadows Corona Park, Flushing NY; ","PU: Best Western Hotel, 522 W38 St., NY NY; DO: Arthur Ashe Stadium, Flushing Meadows Corona Park, Flushing NY; ","Best Western Hotel, 522 W38 St., NY NY; DO: Arthur Ashe Stadium, Flushing Meadows Corona Park, Flushing NY; ",Arrived
08/26/2014,02:00 PM,"277 Rugby Road, BK NY;",John F Kennedy International Airport; ,"PU: 277 Rugby Road, BK NY; DO: John F Kennedy International Airport; ","277 Rugby Road, BK NY; DO: John F Kennedy International Airport; ",Arrived
08/27/2014,03:30 AM,"297 LENOX ROAD, BK NY;",John F Kennedy International Airport; ,"PU: 297 LENOX ROAD, BK NY; DO: John F Kennedy International Airport; ","297 LENOX ROAD, BK NY; DO: John F Kennedy International Airport; ",Arrived
08/27/2014,06:00 AM,"2539 Eastchester Road, Bronx NY;",La Guardia Airport; ,"PU: 2539 Eastchester Road, Bronx NY; DO: La Guardia Airport; ","2539 Eastchester Road, Bronx NY; DO: La Guardia Airport; ",Arrived
08/28/2014,04:15 AM,"470 Prospect Ave., BK NY;",La Guardia Airport; ,"PU: 470 Prospect Ave., BK NY; DO: La Guardia Airport; ","470 Prospect Ave., BK NY; DO: La Guardia Airport; ",Arrived
08/28/2014,05:15 AM,"351 E 91 Street, BK NY;",Newark Liberty International Airport; ,"PU: 351 E 91 Street, BK NY; DO: Newark Liberty International Airport; ","351 E 91 Street, BK NY; DO: Newark Liberty International Airport; ",Arrived
08/28/2014,08:15 AM,"607 20 St., BK NY;",John F Kennedy International Airport; ,"PU: 607 20 St., BK NY; DO: John F Kennedy International Airport; ","607 20 St., BK NY; DO: John F Kennedy International Airport; ",Arrived
08/28/2014,01:30 PM,"140 Cadman Plaza West, BK NY;",John F Kennedy International Airport; ,"PU: 140 Cadman Plaza West, BK NY; DO: John F Kennedy International Airport; ","140 Cadman Plaza West, BK NY; DO: John F Kennedy International Airport; ",Arrived
08/28/2014,01:45 PM,"1712 10 Ave., BK NY;","E34 St. & Lexington Ave., NY NY; ","PU: 1712 10 Ave., BK NY; DO: E34 St. & Lexington Ave., NY NY; ","1712 10 Ave., BK NY; DO: E34 St. & Lexington Ave., NY NY; ",Assigned
08/28/2014,09:30 PM,"John F Kennedy International Airport, KLM Royal Dutch Airlines;","445 17th Street, BK NY; ","PU: John F Kennedy International Airport, KLM Royal Dutch Airlines; DO: 445 17th Street, BK NY; ","John F Kennedy International Airport, KLM Royal Dutch Airlines; DO: 445 17th Street, BK NY; ",Arrived
08/29/2014,07:30 AM,"31 E 2 St., BK NY;","3718 Henry Hudson Pkwy., BX NY; ","PU: 31 E 2 St., BK NY; DO: 3718 Henry Hudson Pkwy., BX NY; ","31 E 2 St., BK NY; DO: 3718 Henry Hudson Pkwy., BX NY; ",Arrived
08/29/2014,12:30 PM,"245 Park Ave./E46 St., NY NY;",John F Kennedy International Airport; ,"PU: 245 Park Ave./E46 St., NY NY; DO: John F Kennedy International Airport; ","245 Park Ave./E46 St., NY NY; DO: John F Kennedy International Airport; ",Arrived
08/29/2014,12:45 PM,"587 17 St., BK NY;",Newark Liberty International Airport; ,"PU: 587 17 St., BK NY; DO: Newark Liberty International Airport; ","587 17 St., BK NY; DO: Newark Liberty International Airport; ",Assigned
08/29/2014,04:45 PM,"6203 Ft. Hamilton Pkwy., BK NY;","2163 68 St., BK NY; ","PU: 6203 Ft. Hamilton Pkwy., BK NY; DO: 2163 68 St., BK NY; ","6203 Ft. Hamilton Pkwy., BK NY; DO: 2163 68 St., BK NY; ",Arrived
08/30/2014,05:00 AM,"1455 St Johns Pl., BK NY;",John F Kennedy International Airport; ,"PU: 1455 St Johns Pl., BK NY; DO: John F Kennedy International Airport; ","1455 St Johns Pl., BK NY; DO: John F Kennedy International Airport; ",Arrived
08/30/2014,07:00 AM,"Homewood Suites by Hilton Harrisburg, 3990 Tecport Dr., Harrisburg PA;","John F Kennedy International Airport, vitona Airlines; ","PU: Homewood Suites by Hilton Harrisburg, 3990 Tecport Dr., Harrisburg PA; DO: John F Kennedy International Airport, vitona Airlines; ","Homewood Suites by Hilton Harrisburg, 3990 Tecport Dr., Harrisburg PA; DO: John F Kennedy International Airport, vitona Airlines; ",Assigned
08/30/2014,03:30 PM,"275 6 Ave., BK NY;",John F Kennedy International Airport; ,"PU: 275 6 Ave., BK NY; DO: John F Kennedy International Airport; ","275 6 Ave., BK NY; DO: John F Kennedy International Airport; ",Arrived
08/30/2014,05:00 PM,,,"DO: Four Points Hotel, 66 Charlton Street, NY NY; PU: John F Kennedy International Airport, ANA; ","Four Points Hotel, 66 Charlton Street, NY NY; PU: John F Kennedy International Airport, ANA; ",Arrived
08/30/2014,08:30 PM,"1770 63 St., BK NY;","577 St Johns Pl., BK NY; ","PU: 1770 63 St., BK NY; DO: 577 St Johns Pl., BK NY; ","1770 63 St., BK NY; DO: 577 St Johns Pl., BK NY; ",Arrived
08/31/2014,01:10 PM,"615 18 St., BK NY;","330 E 38 St., NY NY; ","PU: 615 18 St., BK NY; DO: 330 E 38 St., NY NY; ","615 18 St., BK NY; DO: 330 E 38 St., NY NY; ",Assigned
09/01/2014,12:55 PM,John F Kennedy International Airport;,"607 20 St., BK NY; ","PU: John F Kennedy International Airport; DO: 607 20 St., BK NY; ","John F Kennedy International Airport; DO: 607 20 St., BK NY; ",Assigned
09/01/2014,01:30 PM,"642 Flatbush Ave, BK NY;","133 Linden St., BK NY; ","PU: 642 Flatbush Ave, BK NY; DO: 133 Linden St., BK NY; ","642 Flatbush Ave, BK NY; DO: 133 Linden St., BK NY; ",Assigned
09/01/2014,04:30 PM,"151 E4 St., BK NY;",John F Kennedy International Airport; ,"PU: 151 E4 St., BK NY; DO: John F Kennedy International Airport; ","151 E4 St., BK NY; DO: John F Kennedy International Airport; ",Arrived
09/01/2014,06:00 PM,"Newark Liberty International Airport, United Airlines;","587 17 St., BK NY; ","PU: Newark Liberty International Airport, United Airlines; DO: 587 17 St., BK NY; ","Newark Liberty International Airport, United Airlines; DO: 587 17 St., BK NY; ",Arrived
09/01/2014,07:30 PM,"266 Prospect Park W., BK NY;","4119 Ave. V, BK NY; ","PU: 266 Prospect Park W., BK NY; DO: 4119 Ave. V, BK NY; ","266 Prospect Park W., BK NY; DO: 4119 Ave. V, BK NY; ",Arrived
09/01/2014,09:30 PM,"2201 Amsterdam Ave./W169 St., NY NY;",John F Kennedy International Airport; ,"PU: 2201 Amsterdam Ave./W169 St., NY NY; DO: John F Kennedy International Airport; ","2201 Amsterdam Ave./W169 St., NY NY; DO: John F Kennedy International Airport; ",Arrived
09/02/2014,11:05 AM,"2163 68th Street, BK NY;","6203 Fort hamilton Pkwy, BK NY; ","PU: 2163 68th Street, BK NY; DO: 6203 Fort hamilton Pkwy, BK NY; ","2163 68th Street, BK NY; DO: 6203 Fort hamilton Pkwy, BK NY; ",Arrived
09/02/2014,02:00 PM,"1500 2 Ave./E77 St., NY NY; ST: 310 E105 St., NY NY;","336 E86 St., NY NY; ","PU: 1500 2 Ave./E77 St., NY NY; ST: 310 E105 St., NY NY; DO: 336 E86 St., NY NY; ","1500 2 Ave./E77 St., NY NY; ST: 310 E105 St., NY NY; DO: 336 E86 St., NY NY; ",Arrived
09/02/2014,03:30 PM,"John F Kennedy International Airport, vitona Eastern Airlines;","501 Lexington Ave., NY NY; ","PU: John F Kennedy International Airport, vitona Eastern Airlines; DO: 501 Lexington Ave., NY NY; ","John F Kennedy International Airport, vitona Eastern Airlines; DO: 501 Lexington Ave., NY NY; ",Assigned
09/02/2014,06:15 PM,"6701 11 Ave., BK NY;","2057 E19 St, BK NY; ","PU: 6701 11 Ave., BK NY; DO: 2057 E19 St, BK NY; ","6701 11 Ave., BK NY; DO: 2057 E19 St, BK NY; ",Assigned
09/03/2014,12:15 PM,"35 McDonald Ave., BK NY;",John F Kennedy International Airport; ,"PU: 35 McDonald Ave., BK NY; DO: John F Kennedy International Airport; ","35 McDonald Ave., BK NY; DO: John F Kennedy International Airport; ",Cancelled
09/03/2014,01:50 PM,"66 Charlton Street, NY NY;","La Guardia Airport, United Airlines; ","PU: 66 Charlton Street, NY NY; DO: La Guardia Airport, United Airlines; ","66 Charlton Street, NY NY; DO: La Guardia Airport, United Airlines; ",Arrived
09/03/2014,03:30 PM,"John F Kennedy International Airport, vitona Eastern Airlines;","501 Lexington Ave., NY NY; ","PU: John F Kennedy International Airport, vitona Eastern Airlines; DO: 501 Lexington Ave., NY NY; ","John F Kennedy International Airport, vitona Eastern Airlines; DO: 501 Lexington Ave., NY NY; ",Arrived
09/04/2014,10:00 AM,,,"PU: 343 W39 St., NY NY; ST: 3 E40 St., NY NY; ST: 356 W58 St,, NY NY; ST: 545 W22 St., NY NY; ","343 W39 St., NY NY; ST: 3 E40 St., NY NY; ST: 356 W58 St,, NY NY; ST: 545 W22 St., NY NY; ",Arrived
09/04/2014,06:00 PM,"636 Kosciuszko Street, BK NY;",La Guardia Airport; ,"PU: 636 Kosciuszko Street, BK NY; DO: La Guardia Airport; ","636 Kosciuszko Street, BK NY; DO: La Guardia Airport; ",Assigned
09/05/2014,06:30 AM,"John F Kennedy International Airport, Delta Air Lines;","130 W 44th St., NY NY; ","PU: John F Kennedy International Airport, Delta Air Lines; DO: 130 W 44th St., NY NY; ","John F Kennedy International Airport, Delta Air Lines; DO: 130 W 44th St., NY NY; ",Cancelled
09/05/2014,07:45 AM,"1825 Foster Ave., BK NY;",John F Kennedy International Airport; ,"PU: 1825 Foster Ave., BK NY; DO: John F Kennedy International Airport; ","1825 Foster Ave., BK NY; DO: John F Kennedy International Airport; ",Assigned
09/05/2014,10:00 AM,,,"PU: 343 W39 St., NY NY; ","343 W39 St., NY NY; ",Arrived
09/05/2014,11:00 AM,,,"PU: The Empire Hotel, 44 West 63rd Street, NY NY; ","The Empire Hotel, 44 West 63rd Street, NY NY; ",Assigned
09/06/2014,09:00 AM,,,"PU: Dylan Hotel, 52 East 41st Street, NY NY; ","Dylan Hotel, 52 East 41st Street, NY NY; ",Assigned
09/06/2014,12:00 PM,"642 76th Street, BK NY;",John F Kennedy International Airport; ,"PU: 642 76th Street, BK NY; DO: John F Kennedy International Airport; ","642 76th Street, BK NY; DO: John F Kennedy International Airport; ",Cancelled
09/06/2014,10:45 PM,"912 65 St., BK NY;","304 W117 St., NY NY; ","PU: 912 65 St., BK NY; DO: 304 W117 St., NY NY; ","912 65 St., BK NY; DO: 304 W117 St., NY NY; ",Arrived
09/07/2014,09:30 AM,,,"PU: 52 East 41st Street, NY NY; ","52 East 41st Street, NY NY; ",Assigned
09/07/2014,01:30 PM,"363 17 St., BK NY;",La Guardia Airport; ,"PU: 363 17 St., BK NY; DO: La Guardia Airport; ","363 17 St., BK NY; DO: La Guardia Airport; ",Arrived
09/07/2014,05:00 PM,"La Guardia Airport, United Airlines;","Seton Hotel, 144 East 40th Street, NY NY; ","PU: La Guardia Airport, United Airlines; DO: Seton Hotel, 144 East 40th Street, NY NY; ","La Guardia Airport, United Airlines; DO: Seton Hotel, 144 East 40th Street, NY NY; ",Arrived
09/08/2014,09:00 AM,,,"PU: 52 East 41st Street, NY NY; ","52 East 41st Street, NY NY; ",Assigned
09/08/2014,11:00 AM,"444 W49 St., NY NY;",John F Kennedy International Airport; ,"PU: 444 W49 St., NY NY; DO: John F Kennedy International Airport; ","444 W49 St., NY NY; DO: John F Kennedy International Airport; ",Arrived
09/08/2014,12:45 PM,"176 Seeley St., BK NY;",John F Kennedy International Airport; ,"PU: 176 Seeley St., BK NY; DO: John F Kennedy International Airport; ","176 Seeley St., BK NY; DO: John F Kennedy International Airport; ",Arrived
09/09/2014,09:30 AM,"Seton Hotel, 144 East 40th Street, NY NY;","John F Kennedy International Airport, ANA; ","PU: Seton Hotel, 144 East 40th Street, NY NY; DO: John F Kennedy International Airport, ANA; ","Seton Hotel, 144 East 40th Street, NY NY; DO: John F Kennedy International Airport, ANA; ",Arrived
09/09/2014,09:45 AM,"6123 Ft. Hamilton Pkwy., BK NY;",John F Kennedy International Airport; ,"PU: 6123 Ft. Hamilton Pkwy., BK NY; DO: John F Kennedy International Airport; ","6123 Ft. Hamilton Pkwy., BK NY; DO: John F Kennedy International Airport; ",Assigned
09/09/2014,02:15 PM,"32-14 Astoria Blvd., Astoria NY;",John F Kennedy International Airport; ,"PU: 32-14 Astoria Blvd., Astoria NY; DO: John F Kennedy International Airport; ","32-14 Astoria Blvd., Astoria NY; DO: John F Kennedy International Airport; ",Cancelled
09/09/2014,03:30 PM,"437 Prospect Ave., BK NY;",John F Kennedy International Airport; ,"PU: 437 Prospect Ave., BK NY; DO: John F Kennedy International Airport; ","437 Prospect Ave., BK NY; DO: John F Kennedy International Airport; ",Arrived
09/10/2014,08:00 AM,"402 W46 St., NY NY;",John F Kennedy International Airport; ,"PU: 402 W46 St., NY NY; DO: John F Kennedy International Airport; ","402 W46 St., NY NY; DO: John F Kennedy International Airport; ",Arrived
09/11/2014,05:30 AM,"679 18 St., BK NY;",La Guardia Airport; ,"PU: 679 18 St., BK NY; DO: La Guardia Airport; ","679 18 St., BK NY; DO: La Guardia Airport; ",Arrived
09/11/2014,12:30 PM,"112 Dean St., BK NY;",La Guardia Airport; ,"PU: 112 Dean St., BK NY; DO: La Guardia Airport; ","112 Dean St., BK NY; DO: La Guardia Airport; ",Arrived
09/12/2014,03:30 AM,"253 Windsor Pl., BK NY;",La Guardia Airport; ,"PU: 253 Windsor Pl., BK NY; DO: La Guardia Airport; ","253 Windsor Pl., BK NY; DO: La Guardia Airport; ",Arrived
09/13/2014,07:00 PM,"163 Ocean Ave., BK NY;",John F Kennedy International Airport; ,"PU: 163 Ocean Ave., BK NY; DO: John F Kennedy International Airport; ","163 Ocean Ave., BK NY; DO: John F Kennedy International Airport; ",Assigned
09/13/2014,08:00 PM,"1618 10 Ave., BK NY;",John F Kennedy International Airport; ,"PU: 1618 10 Ave., BK NY; DO: John F Kennedy International Airport; ","1618 10 Ave., BK NY; DO: John F Kennedy International Airport; ",Arrived
09/13/2014,09:30 PM,"John F Kennedy International Airport, Korean Air;","Flushing Ave., BK NY; ","PU: John F Kennedy International Airport, Korean Air; DO: Flushing Ave., BK NY; ","John F Kennedy International Airport, Korean Air; DO: Flushing Ave., BK NY; ",Arrived
09/15/2014,08:00 PM,"John F Kennedy International Airport, Delta Air Lines;","Odiaaro Suite, 746 Putnam Ave., BK NY; ","PU: John F Kennedy International Airport, Delta Air Lines; DO: Odiaaro Suite, 746 Putnam Ave., BK NY; ","John F Kennedy International Airport, Delta Air Lines; DO: Odiaaro Suite, 746 Putnam Ave., BK NY; ",Arrived
09/15/2014,09:30 PM,"550 20 St., BK NY;","532 5 Ave., BK NY; ","PU: 550 20 St., BK NY; DO: 532 5 Ave., BK NY; ","550 20 St., BK NY; DO: 532 5 Ave., BK NY; ",Arrived
09/17/2014,12:35 PM,"Base, 266 Prospect Park West, BK NY;","601 W26 St., NY NY; ","PU: Base, 266 Prospect Park West, BK NY; DO: 601 W26 St., NY NY; ","Base, 266 Prospect Park West, BK NY; DO: 601 W26 St., NY NY; ",Assigned
09/17/2014,04:30 PM,"266 Prospect Park West, BK NY;","168 Lafayette Avenue, BK NY; ","PU: 266 Prospect Park West, BK NY; DO: 168 Lafayette Avenue, BK NY; ","266 Prospect Park West, BK NY; DO: 168 Lafayette Avenue, BK NY; ",Assigned
09/18/2014,08:30 PM,"278 Prospect Park West, BK NY;","250 Park Ave. South, NY NY; ","PU: 278 Prospect Park West, BK NY; DO: 250 Park Ave. South, NY NY; ","278 Prospect Park West, BK NY; DO: 250 Park Ave. South, NY NY; ",Cancelled
09/18/2014,09:30 PM,"411 17 sSt., BK NY;","664 Madison St., BK NY; ","PU: 411 17 sSt., BK NY; DO: 664 Madison St., BK NY; ","411 17 sSt., BK NY; DO: 664 Madison St., BK NY; ",Assigned
09/18/2014,11:30 PM,"137 Ludlow Street, NY NY;","Odiaaro Suite, 746 Putnam Ave., BK NY; ","PU: 137 Ludlow Street, NY NY; DO: Odiaaro Suite, 746 Putnam Ave., BK NY; ","137 Ludlow Street, NY NY; DO: Odiaaro Suite, 746 Putnam Ave., BK NY; ",Arrived
09/19/2014,06:45 AM,"829 Greenwood Avenue, Brooklyn NY;",John F Kennedy International Airport; ,"PU: 829 Greenwood Avenue, Brooklyn NY; DO: John F Kennedy International Airport; ","829 Greenwood Avenue, Brooklyn NY; DO: John F Kennedy International Airport; ",Arrived
09/19/2014,05:25 PM,"266 Prospect Park West, BK NY;","150 Eastern Pkwy., BK NY; ","PU: 266 Prospect Park West, BK NY; DO: 150 Eastern Pkwy., BK NY; ","266 Prospect Park West, BK NY; DO: 150 Eastern Pkwy., BK NY; ",Arrived
09/20/2014,11:45 AM,"Pennsylvania Hotel, 401 7th Ave., NY NY;","John F Kennedy International Airport, Cathay Pacific Airways; ","PU: Pennsylvania Hotel, 401 7th Ave., NY NY; DO: John F Kennedy International Airport, Cathay Pacific Airways; ","Pennsylvania Hotel, 401 7th Ave., NY NY; DO: John F Kennedy International Airport, Cathay Pacific Airways; ",Cancelled
09/22/2014,05:45 AM,"1825 Foster Ave., BK NY;",John F Kennedy International Airport; ,"PU: 1825 Foster Ave., BK NY; DO: John F Kennedy International Airport; ","1825 Foster Ave., BK NY; DO: John F Kennedy International Airport; ",Arrived
09/22/2014,07:00 AM,"746 Putnam Avenue, BK NY;",John F Kennedy International Airport; ,"PU: 746 Putnam Avenue, BK NY; DO: John F Kennedy International Airport; ","746 Putnam Avenue, BK NY; DO: John F Kennedy International Airport; ",Arrived
09/23/2014,09:30 AM,"Fairfield Inn, 156-08 Rockaway Blvd., Jamaica NY;","Fairfield Inn., 2927 40th Rd., Long Island City NY; ","PU: Fairfield Inn, 156-08 Rockaway Blvd., Jamaica NY; DO: Fairfield Inn., 2927 40th Rd., Long Island City NY; ","Fairfield Inn, 156-08 Rockaway Blvd., Jamaica NY; DO: Fairfield Inn., 2927 40th Rd., Long Island City NY; ",Arrived
09/23/2014,12:00 PM,"61 Ave W, Brooklyn NY;",John F Kennedy International Airport; ,"PU: 61 Ave W, Brooklyn NY; DO: John F Kennedy International Airport; ","61 Ave W, Brooklyn NY; DO: John F Kennedy International Airport; ",Arrived
09/23/2014,06:45 PM,"279 Prospect Park West, BK NY; ST: W41 St./ 10 Ave., NY NY;","310 W52 St., NY NY; ","PU: 279 Prospect Park West, BK NY; ST: W41 St./ 10 Ave., NY NY; DO: 310 W52 St., NY NY; ","279 Prospect Park West, BK NY; ST: W41 St./ 10 Ave., NY NY; DO: 310 W52 St., NY NY; ",Arrived
09/24/2014,08:00 AM,"310 W52 St., NY NY;",Newark Liberty International Airport; ,"PU: 310 W52 St., NY NY; DO: Newark Liberty International Airport; ","310 W52 St., NY NY; DO: Newark Liberty International Airport; ",Arrived
09/25/2014,12:00 PM,"907 59 St., BK NY; ST: W66 St./Broadway, NY NY;",John F Kennedy International Airport; ,"PU: 907 59 St., BK NY; ST: W66 St./Broadway, NY NY; DO: John F Kennedy International Airport; ","907 59 St., BK NY; ST: W66 St./Broadway, NY NY; DO: John F Kennedy International Airport; ",Arrived
09/26/2014,04:00 PM,"20 West St., NY NY;",La Guardia Airport; ,"PU: 20 West St., NY NY; DO: La Guardia Airport; ","20 West St., NY NY; DO: La Guardia Airport; ",Assigned
09/27/2014,05:00 AM,"474 Sackett Street, BK NY;","John F Kennedy International Airport, Virgin Amercia; ","PU: 474 Sackett Street, BK NY; DO: John F Kennedy International Airport, Virgin Amercia; ","474 Sackett Street, BK NY; DO: John F Kennedy International Airport, Virgin Amercia; ",Arrived
09/27/2014,08:00 AM,"474 Sackett Street, BK NY;","Newark Liberty International Airport, Virgin America; ","PU: 474 Sackett Street, BK NY; DO: Newark Liberty International Airport, Virgin America; ","474 Sackett Street, BK NY; DO: Newark Liberty International Airport, Virgin America; ",Arrived
09/28/2014,09:00 PM,"152 7 Ave., BK NY;",Grand Central Station ; ,"PU: 152 7 Ave., BK NY; DO: Grand Central Station ; ","152 7 Ave., BK NY; DO: Grand Central Station ; ",Assigned
